{
  "n_queries": 5,
  "modes": {
    "full_system": {
      "mean_mrr_10": 0.2567,
      "mean_ndcg_10": 0.3897,
      "mean_recall_5": 0.8,
      "mean_recall_10": 0.8,
      "mean_recall_20": 0.8,
      "mean_latency_s": 0.3019
    },
    "dpr_only": {
      "mean_mrr_10": 0.6,
      "mean_ndcg_10": 0.6,
      "mean_recall_5": 0.6,
      "mean_recall_10": 0.6,
      "mean_recall_20": 0.6,
      "mean_latency_s": 0.0622
    },
    "chroma_only": {
      "mean_mrr_10": 0.1,
      "mean_ndcg_10": 0.1262,
      "mean_recall_5": 0.2,
      "mean_recall_10": 0.2,
      "mean_recall_20": 0.2,
      "mean_latency_s": 0.0204
    }
  },
  "per_query": [
    {
      "query_case_id": "phase2_demo",
      "mode": "full_system",
      "mrr_10": 0.3333333333333333,
      "ndcg_10": 0.5,
      "recall_5": 1.0,
      "recall_10": 1.0,
      "recall_20": 1.0,
      "retrieved_ids": [
        "2026_1_167_182_EN_2026",
        "2026_1_91_118_EN_2026",
        "2026_1_119_129_EN_2026",
        "2026_1_191_205_EN_2026",
        "2026_2_295_322_EN_2026",
        "2026_1_141_166_EN_2026",
        "2026_2_257_269_EN_2026"
      ],
      "latency_s": 0.3121
    },
    {
      "query_case_id": "phase2_demo_2",
      "mode": "full_system",
      "mrr_10": 0.2,
      "ndcg_10": 0.38685280723454163,
      "recall_5": 1.0,
      "recall_10": 1.0,
      "recall_20": 1.0,
      "retrieved_ids": [
        "2024_10_1448_1461_EN",
        "2026_2_257_269_EN_2026",
        "2026_1_141_166_EN_2026",
        "2026_1_227_302_EN_2026",
        "2026_1_119_129_EN_2026",
        "2026_1_30_90_EN_2026"
      ],
      "latency_s": 0.2996
    },
    {
      "query_case_id": "phase2_demo_3",
      "mode": "full_system",
      "mrr_10": 0.0,
      "ndcg_10": 0.0,
      "recall_5": 0.0,
      "recall_10": 0.0,
      "recall_20": 0.0,
      "retrieved_ids": [
        "2026_1_1_23_EN_2026",
        "2026_1_30_90_EN_2026",
        "2026_1_206_226_EN_2026",
        "2026_2_295_322_EN_2026",
        "2026_1_91_118_EN_2026",
        "2026_1_227_302_EN_2026"
      ],
      "latency_s": 0.3006
    },
    {
      "query_case_id": "phase2_demo_4",
      "mode": "full_system",
      "mrr_10": 0.25,
      "ndcg_10": 0.43067655807339306,
      "recall_5": 1.0,
      "recall_10": 1.0,
      "recall_20": 1.0,
      "retrieved_ids": [
        "2026_1_227_302_EN_2026",
        "2026_1_1_23_EN_2026",
        "2026_1_24_29_EN_2026",
        "2026_1_119_129_EN_2026",
        "2026_2_295_322_EN_2026",
        "2026_1_130_140_EN_2026",
        "2026_1_30_90_EN_2026",
        "2026_2_270_284_EN_2026",
        "2026_2_285_294_EN_2026"
      ],
      "latency_s": 0.2992
    },
    {
      "query_case_id": "phase2_demo_5",
      "mode": "full_system",
      "mrr_10": 0.5,
      "ndcg_10": 0.6309297535714575,
      "recall_5": 1.0,
      "recall_10": 1.0,
      "recall_20": 1.0,
      "retrieved_ids": [
        "2026_1_91_118_EN_2026",
        "2026_1_119_129_EN_2026"
      ],
      "latency_s": 0.298
    },
    {
      "query_case_id": "phase2_demo",
      "mode": "dpr_only",
      "mrr_10": 1.0,
      "ndcg_10": 1.0,
      "recall_5": 1.0,
      "recall_10": 1.0,
      "recall_20": 1.0,
      "retrieved_ids": [
        "2026_1_119_129_EN_2026",
        "2026_2_257_269_EN_2026",
        "2026_1_227_302_EN_2026",
        "2026_1_191_205_EN_2026",
        "2026_2_295_322_EN_2026",
        "2026_1_91_118_EN_2026"
      ],
      "latency_s": 0.0315
    },
    {
      "query_case_id": "phase2_demo_2",
      "mode": "dpr_only",
      "mrr_10": 1.0,
      "ndcg_10": 1.0,
      "recall_5": 1.0,
      "recall_10": 1.0,
      "recall_20": 1.0,
      "retrieved_ids": [
        "2026_1_119_129_EN_2026",
        "2026_2_257_269_EN_2026",
        "2026_1_91_118_EN_2026",
        "2026_1_227_302_EN_2026",
        "2026_1_30_90_EN_2026",
        "2026_1_1_23_EN_2026"
      ],
      "latency_s": 0.0312
    },
    {
      "query_case_id": "phase2_demo_3",
      "mode": "dpr_only",
      "mrr_10": 0.0,
      "ndcg_10": 0.0,
      "recall_5": 0.0,
      "recall_10": 0.0,
      "recall_20": 0.0,
      "retrieved_ids": [
        "2026_1_30_90_EN_2026",
        "2026_1_206_226_EN_2026",
        "2026_1_91_118_EN_2026",
        "2026_2_270_284_EN_2026",
        "2026_1_24_29_EN_2026"
      ],
      "latency_s": 0.028
    },
    {
      "query_case_id": "phase2_demo_4",
      "mode": "dpr_only",
      "mrr_10": 0.0,
      "ndcg_10": 0.0,
      "recall_5": 0.0,
      "recall_10": 0.0,
      "recall_20": 0.0,
      "retrieved_ids": [
        "2026_2_295_322_EN_2026",
        "2026_1_167_182_EN_2026",
        "2026_1_1_23_EN_2026",
        "2026_1_227_302_EN_2026",
        "2026_1_183_190_EN_2026",
        "2026_1_206_226_EN_2026",
        "2026_2_285_294_EN_2026",
        "2026_1_141_166_EN_2026"
      ],
      "latency_s": 0.065
    },
    {
      "query_case_id": "phase2_demo_5",
      "mode": "dpr_only",
      "mrr_10": 1.0,
      "ndcg_10": 1.0,
      "recall_5": 1.0,
      "recall_10": 1.0,
      "recall_20": 1.0,
      "retrieved_ids": [
        "2026_1_119_129_EN_2026",
        "2026_1_30_90_EN_2026",
        "2026_1_1_23_EN_2026"
      ],
      "latency_s": 0.1552
    },
    {
      "query_case_id": "phase2_demo",
      "mode": "chroma_only",
      "mrr_10": 0.0,
      "ndcg_10": 0.0,
      "recall_5": 0.0,
      "recall_10": 0.0,
      "recall_20": 0.0,
      "retrieved_ids": [
        "2024_10_108_125_EN",
        "2024_10_1313_1343_EN",
        "2026_1_91_118_EN_2026",
        "2024_10_1448_1461_EN",
        "2026_1_30_90_EN_2026",
        "2026_1_167_182_EN_2026",
        "2026_2_257_269_EN_2026"
      ],
      "latency_s": 0.0177
    },
    {
      "query_case_id": "phase2_demo_2",
      "mode": "chroma_only",
      "mrr_10": 0.0,
      "ndcg_10": 0.0,
      "recall_5": 0.0,
      "recall_10": 0.0,
      "recall_20": 0.0,
      "retrieved_ids": [
        "2026_1_227_302_EN_2026",
        "2024_10_1448_1461_EN",
        "2024_10_126_149_EN",
        "2026_1_206_226_EN_2026"
      ],
      "latency_s": 0.0281
    },
    {
      "query_case_id": "phase2_demo_3",
      "mode": "chroma_only",
      "mrr_10": 0.0,
      "ndcg_10": 0.0,
      "recall_5": 0.0,
      "recall_10": 0.0,
      "recall_20": 0.0,
      "retrieved_ids": [
        "2026_1_191_205_EN_2026",
        "2026_1_30_90_EN_2026",
        "2024_10_126_149_EN",
        "2026_1_227_302_EN_2026",
        "2026_1_1_23_EN_2026",
        "2026_2_295_322_EN_2026"
      ],
      "latency_s": 0.0187
    },
    {
      "query_case_id": "phase2_demo_4",
      "mode": "chroma_only",
      "mrr_10": 0.0,
      "ndcg_10": 0.0,
      "recall_5": 0.0,
      "recall_10": 0.0,
      "recall_20": 0.0,
      "retrieved_ids": [
        "2026_1_227_302_EN_2026",
        "2026_1_130_140_EN_2026",
        "2024_10_1371_1380_EN",
        "2026_2_295_322_EN_2026",
        "2024_10_1381_1403_EN"
      ],
      "latency_s": 0.0188
    },
    {
      "query_case_id": "phase2_demo_5",
      "mode": "chroma_only",
      "mrr_10": 0.5,
      "ndcg_10": 0.6309297535714575,
      "recall_5": 1.0,
      "recall_10": 1.0,
      "recall_20": 1.0,
      "retrieved_ids": [
        "2026_1_91_118_EN_2026",
        "2026_1_119_129_EN_2026"
      ],
      "latency_s": 0.0189
    }
  ]
}